[
  {
    "name": "Weedmaps: Buy Local Weed",
    "main": "consumer",
    "type": "app",
    "genre": "lifestyle",
    "subs": [
      "Location Based Distillery Information",
      "Online Shopping",
      "News",
      "Health/Medical Info",
      "Product Info/Strain Library",
      "Event"
    ],
    "rating": 4.8,
    "reviews": 375000,
    "logo": "./images/weedmaps-app-logo.webp",
    "play": "https://play.google.com/store/apps/details?id=com.weedmaps.app.android&hl=en_US",
    "app": "https://apps.apple.com/us/app/weedmaps-buy-local-weed/id350189835",
    "desc": "Weedmaps is a go-to mobile app and web platform for cannabis users to discover and shop local dispensaries and products, while also serving as an essential marketing and operational tool for cannabis retailers and brands."
  },
  {
    "name": "Leafly: Find Cannabis and CBD",
    "main": "consumer",
    "type": "app",
    "genre": "lifestyle",
    "subs": [
      "Location Based Distillery Information",
      "Online Shopping",
      "News",
      "Health/Medical Info",
      "Product Info/Strain Library",
      "Recipe"
    ],
    "rating": 4.8,
    "reviews": 367100,
    "logo": "./images/leafly-app-logo.webp",
    "play": "https://play.google.com/store/apps/details?id=leafly.android&hl=en_US",
    "app": "https://apps.apple.com/us/app/leafly-find-weed-near-you/id416456429",
    "desc": "Leafly is a cannabis information and shopping platform available on mobile and web. It offers a searchable database of cannabis strains, effects, and local dispensaries. Leafly also provides educational content and product ratings to help users make informed decisions."
  },
  {
    "name": "Grow with Jane - Cannabis plan",
    "main": "cultivation",
    "type": "app",
    "genre": "productivity",
    "subs": [
      "Journaling",
      "Community"
    ],
    "rating": 3.8,
    "reviews": 5085,
    "logo": "./images/grow-with-jane-app-logo.webp",
    "play": "https://play.google.com/store/apps/details?id=com.unlogical.jane&hl=en_US",
    "app": "https://apps.apple.com/us/app/grow-with-jane-grow-journal/id1467850558",
    "desc": "Grow with Jane is a mobile app and web tool designed for cannabis home growers to track and manage their cultivation process. It offers personalized grow logs, reminders, and progress tracking while also providing strain info and a private journal, supporting users from seed to harvest with structured guidance."
  },
  {
    "name": "MÜV Dispensary",
    "main": "consumer",
    "type": "app",
    "genre": "medical",
    "subs": [
      "Location Based Distillery Information",
      "Online Shopping",
      "Product Info/Strain Library"
    ],
    "rating": 4.9,
    "reviews": 10000,
    "logo": "./images/muv-dispensary-logo.webp",
    "app": "https://apps.apple.com/us/app/m%C3%BCv-dispensary/id6498709371",
    "desc": "MÜV Dispensary is a Florida-based medical cannabis app available on iOS via the Apple App Store. It enables users to browse and purchase cannabis products (such as flower, edibles, and concentrates), manage orders, access tiered rewards, and connect with customer support—all within a single platform."
  },
  {
    "name": "Affect: Addiction Recovery",
    "main": "recovery",
    "type": "app",
    "genre": "medical",
    "subs": [
      "Tracking & Monitoring",
      "Community",
      "Chatbot",
      "Health/Medical Info"
    ],
    "rating": 4.7,
    "reviews": 2984,
    "logo": "./images/affect-app-logo.webp",
    "play": "https://play.google.com/store/apps/details?id=com.unlogical.jane&hl=en_US",
    "app": "https://apps.apple.com/us/app/affect-addiction-recovery/id1582444280",
    "desc": "Affect: Addiction Recovery is a smartphone-based telehealth app offering a structured outpatient program for alcohol and drug use, including cannabis, opioids, stimulants, and prescription medications. It features counseling via secure video, medication support, behavioral tracking, contingency‑management rewards, and access to peer and group resources. Private, insurance‑covered, and clinically accredited."
  },
  {
    "name": "Curaleaf",
    "main": "consumer",
    "type": "app",
    "genre": "shopping",
    "subs": [
      "Location Based Distillery Information",
      "Online Shopping",
      "Product Info/Strain Library"
    ],
    "rating": 4.3,
    "reviews": 6929,
    "logo": "./images/curaleaf-app-icon.webp",
    "play": "https://play.google.com/store/apps/details?id=com.curaleaf.retail&hl=en_US",
    "app": "https://apps.apple.com/us/app/curaleaf/id1628178866",
    "desc": "The Curaleaf app allows registered users to browse products, view menus, place pickup or delivery orders from Curaleaf dispensaries, and track loyalty rewards. It features deal alerts, location-specific availability, age verification, in-app event notifications, personalized recommendations, and customer support. Available free on iOS and Android; functionality varies by state regulations.p"
  },
  {
    "name": "The Apothecarium Dispensary",
    "main": "consumer",
    "type": "app",
    "genre": "medical",
    "subs": [
      "Location Based Distillery Information",
      "Online Shopping",
      "Product Info/Strain Library"
    ],
    "rating": 4.9,
    "reviews": 6500,
    "logo": "./images/apothecarium-app-logo.webp",
    "app": "https://apps.apple.com/us/app/the-apothecarium-dispensary/id1598622999",
    "desc": "The Apothecarium app enables ordering cannabis products (flower, edibles, concentrates, tinctures, topicals) from local Apothecarium dispensaries in supported states. It offers express pickup, curbside, drive-thru, or delivery options, real-time order tracking, easy reordering, and a loyalty rewards program. Availability and services vary by location and local regulations, and the app is restricted to The Apothecarium/TerrAscend network."
  },
  {
    "name": "WeedPro: Cannabis Strain Guide",
    "main": "consumer",
    "type": "app",
    "genre": "medical",
    "subs": [
      "Location Based Distillery Information",
      "Online Shopping",
      "News",
      "law info",
      "Product Info/Strain Library",
      "Health/Medical Info",
      "Journaling",
      "Chatbot",
      "Recipe"
    ],
    "rating": 4.5,
    "reviews": 4210,
    "logo": "./images/weedpro-app-logo.webp",
    "play": "https://play.google.com/store/apps/details?id=com.strainreferencefree&hl=en_US",
    "app": "https://apps.apple.com/us/app/weedpro-cannabis-strain-guide/id1358127550",
    "desc": "WeedPro: Cannabis Strain Guide provides a database of thousands of strains with details on flavor profiles, potency, genetics, and medical effects. It offers AI-driven recommendations based on user notes and preferences, and lets users rate strains and track experiences."
  },
  {
    "name": "Curaleaf+",
    "main": "consumer",
    "type": "app",
    "genre": "medical",
    "subs": [
      "Location Based Distillery Information",
      "Online Shopping",
      "Product Info/Strain Library"
    ],
    "rating": 4.9,
    "reviews": 6600,
    "logo": "./images/curaleaf-plus-app-logo.webp",
    "app": "https://apps.apple.com/us/app/curaleaf/id6479368003",
    "desc": "Curaleaf+ is an iOS-only app available exclusively in select markets such as Florida and New Jersey. It lets registered users browse product menus, place pickup or delivery orders, and track loyalty rewards while surfacing region-specific promotions and notifications. Unlike the standard Curaleaf app, it focuses on targeted market offerings and iOS users."
  },
  {
    "name": "Eaze",
    "main": "consumer",
    "type": "app",
    "genre": "medical",
    "subs": [
      "Online Shopping",
      "Product Info/Strain Library",
      "Health/Medical Info"
    ],
    "rating": 4.5,
    "reviews": 11460,
    "logo": "./images/eaze-app-logo.webp",
    "play": "https://play.google.com/store/apps/details?id=com.eaze&hl=en_US",
    "app": "https://apps.apple.com/us/app/eaze-cannabis-delivery/id1181240617",
    "desc": "Eaze is a mobile app offering on-demand cannabis delivery in supported regions, enabling users to browse products, verify age, place orders for same-day delivery, track orders in real time, and discover rotating deals. Available on both iOS and Android, it distinguishes itself by focusing on home delivery and real-time tracking features."
  },
  {
    "name": "Quit Weed",
    "main": "recovery",
    "type": "app",
    "genre": "lifestyle",
    "subs": ["Tracking & Monitoring"],
    "rating": "4.6",
    "reviews": "3060",
    "logo": "./images/quit-weed-app-logo.webp",
    "play": "https://play.google.com/store/apps/details?id=com.michaljanecek.quitweed&hl=en_US",
    "app": "https://apps.apple.com/vn/app/quit-weed/id1644552753",
    "desc": "Quit Weed is a mobile app guiding users through quitting cannabis with features such as a withdrawal timeline, health improvements tracking, money-saved calculations, achievement rewards, and journaling over the crucial early recovery weeks. It focuses on motivation and progress visualization."
  },
  {
    "name": "Grounded - Quit Weed Tracker",
    "main": "recovery",
    "type": "app",
    "genre": "health & fitness",
    "subs": [
      "Tracking & Monitoring",
      "Community",
      "Health/Medical Info",
      "Journaling"
    ],
    "rating": "4.8",
    "reviews": "7690",
    "logo": "./images/grounded-app-logo.webp",
    "play": "https://play.google.com/store/apps/details?id=com.ifeanyi.grounded&hl=en_US",
    "app": "https://apps.apple.com/us/app/grounded-quit-weed-smoking/id1463294846",
    "desc": "Grounded is a mobile app for iOS and Android dedicated to helping users quit cannabis or take tolerance breaks, offering tools such as a quit journal, withdrawal symptom tracking and tolerance-reset timelines, daily mood logging, progress visualization (e.g., virtual tree growth), savings tracking, achievements, and community support."
  },
  {
    "name": "HiGrade: Cannabis Testing",
    "main": "cultivation",
    "type": "app",
    "genre": "lifestyle",
    "subs": [
      "Plant Recognition",
      "Strain Info",
      "Grade/Potency Classification"
    ],
    "rating": "4.7",
    "reviews": "2648",
    "logo": "./images/higrade-app-icon.webp",
    "play": "https://play.google.com/store/apps/details?id=com.phonegap.higrade&hl=en_US",
    "app": "https://apps.apple.com/us/app/higrade-cannabis-testing/id1228209196",
    "desc": "HiGrade is a smartphone app that uses AI-powered image analysis of trichomes from three photos to estimate THC content and visually grade cannabis flower quality; it also offers cultivation support—such as pest/disease diagnosis, nutrient balance, and optimal harvest timing"
  },
  {
    "name": "Kush Scan: AI Weed Identifier",
    "main": "cultivation",
    "type": "app",
    "genre": "medical",
    "subs": [
      "Plant Recognition",
      "Strain Info",
      "Journaling",
      "Grade/Potency Classification",
      "Community"
    ],
    "rating": "4.1",
    "reviews": "1762",
    "logo": "./images/kush-scan-app-logo.webp",
    "play": "https://play.google.com/store/apps/details?id=com.kushscan.kushscan&hl=en_US",
    "app": "https://apps.apple.com/us/app/thc-weed-identifier-kush-scan/id1462406146",
    "desc": "Kush Scan is a mobile app that leverages AI-driven computer vision to identify cannabis strains from photos of dry flower, offering strain names, estimated THC potency, and sativa/indica ratios. It focuses on educational exploration with scan history and optional community features, distinguishing itself from ordering apps."
  },
  {
    "name": "Zen Leaf+",
    "main": "consumer",
    "type": "app",
    "genre": "medical",
    "subs": [
      "Location Based Distillery Information",
      "Online Shopping",
      "Product Info/Strain Library"
    ],
    "rating": "4.9",
    "reviews": "4600",
    "logo": "./images/zen-leaf-plus-app-logo.webp",
    "app": "https://apps.apple.com/us/app/zen-leaf/id6448922214",
    "desc": "Zen Leaf+ is a mobile app available exclusively on iOS for customers in supported regions, offering order-ahead, pay, and rewards functionality. It lets users browse menus, pay via Aeropay, track orders in real time, and earn loyalty points on purchases, providing a streamlined dispensary experience tailored to participating locations"
  },
  {
    "name": "Jane: Find Cannabis Products",
    "main": "consumer",
    "type": "app",
    "genre": "medical",
    "subs": [
      "Location Based Distillery Information",
      "Online Shopping",
      "Health/Medical Info",
      "Product Info/Strain Library"
    ],
    "rating": "4.8",
    "reviews": "3300",
    "logo": "./images/jane-app-logo.webp",
    "app": "https://apps.apple.com/us/app/jane-find-cannabis-products/id1592735587",
    "desc": "Jane: Find Cannabis Products is an iOS-only cannabis shopping app that aggregates dispensary menus, offers real-time inventory updates, and enables users to browse by effects, categories, and price, place pickup or delivery orders where supported, view verified reviews, and receive personalized recommendations and deal alerts on Apple devices"
  },
  {
    "name": "Stash Cash Rewards",
    "main": "consumer",
    "type": "app",
    "genre": "medical",
    "subs": [
      "Location Based Distillery Information",
      "Online Shopping",
      "Event"
    ],
    "rating": "3.1",
    "reviews": "430",
    "logo": "./images/stash-cash-rewards-app-logo.webp",
    "play": "https://play.google.com/store/apps/details?id=com.cannabist.wallet&hl=en_US",
    "app": "https://apps.apple.com/us/app/stash-cash-rewards/id1603898047",
    "desc": "Stash Cash Rewards is a mobile loyalty app by Columbia Care that enables users to track points, view deals and menus, place orders where supported, and earn rewards redeemable across participating dispensaries. It offers push notifications for launches and restocks, and is available on both iOS and Android in supported regions"
  },
  {
    "name": "Everything 420",
    "main": "consumer",
    "type": "app",
    "genre": "lifestyle",
    "subs": [
      "Online Shopping",
      "Product Info/Strain Library"
    ],
    "rating": "4.6",
    "reviews": "4613",
    "logo": "./images/everything-420-app-logo.webp",
    "play": "https://play.google.com/store/apps/details?id=co.tapcart.app.id_hedapps2&hl=en_US",
    "app": "https://apps.apple.com/us/app/everything-420/id1619838114",
    "desc": "Everything 420 is a mobile shopping app available on both iOS and Android that aggregates cannabis accessories and related products into a single interface. It offers fast, discreet shipping options, 24/7 customer support, and a wide inventory including glassware, vaporizers, and consumables. Users can browse categories, track orders, and receive deal notifications on their devices."
  },
  {
    "name": "The Flowery",
    "main": "consumer",
    "type": "app",
    "genre": "medical",
    "subs": [
      "Location Based Distillery Information",
      "Online Shopping",
      "Product Info/Strain Library",
      "Chatbot"
    ],
    "rating": "4.9",
    "reviews": "3400",
    "logo": "./images/the-flowery-app-logo.webp",
    "app": "https://apps.apple.com/us/app/the-flowery/id6451003120",
    "desc": "The Flowery is a mobile app that enables Florida medical cannabis patients to browse and order premium indoor-grown strains for delivery or pickup. It features a searchable product catalog, real-time inventory updates, and push notifications for new product drops and exclusive promotions. Only available on iOS."
  },
  {
    "name": "Ivy Hall Dispensary",
    "main": "consumer",
    "type": "app",
    "genre": "medical",
    "subs": [
      "Location Based Distillery Information",
      "Online Shopping",
      "Product Info/Strain Library"
    ],
    "rating": "5.0",
    "reviews": "2800",
    "logo": "./images/ivy-hall-dispensary-app-logo.webp",
    "app": "https://apps.apple.com/us/app/ivy-hall-dispensary/id6449744708",
    "desc": "Ivy Hall Dispensary’s mobile app enables Illinois customers—across Chicago, Bolingbrook, Peoria, Waukegan, and other locations—to find nearby dispensaries, place pickup orders, track order status in real time, earn and redeem loyalty points through its Charter Club, contact stores directly, and refer friends for rewards. Operates only within Illinois. Available on iOS only."
  }
]
